name,title,url,is_ad,pricing_unit,price,real_price,rating
,Results,No url,False,$,159.0,168.0,4.3
B0CSB14R7J,Samsung Galaxy A15 A155M 128GB Dual-SIM GSM Unlocked Android Smartphone (Latin America Version) - Blue Black,/Samsung-SM-155M-DSN-Unlocked-International/dp/B0CSB14R7J/ref=sr_1_1?dib=eyJ2IjoiMSJ9.Wn0-seQH8boHXQmfsv2ncsJNBAv97Dp9f0voL5htuRdMtl6Z0U5I-AfMd5RK1HxrjBIK-PldOtRQCli5RtGcxaEyWGL6o5R1lC8poAMX4MUyJ1MC9nuiPmQ-Vgn-wOqAE4rSW2igzR_qL470vD9d8d5rinKOy8LuIIwn7MFsmFEkgRnixVNFE51_-lTZiv50FPVTXgJok2gNoPw90Jsc4USui1OW1cDTk5Kew8xPfV4.pEiXt0xhxNuvY-UDf1ifBmwBxLn2ifDqpgmjCpVqZZE&dib_tag=se&keywords=phone&qid=1731402697&sr=8-1,False,$,159.0,159.0,4.3
B08PNMBYZ4,"Apple iPhone 12 Mini 5G, US Version, 128GB, Blue - Unlocked (Renewed)",/Apple-iPhone-Mini-128GB-Blue/dp/B08PNMBYZ4/ref=sr_1_33?dib=eyJ2IjoiMSJ9.hDbRv01rqiZwOlru3UIwUt56apOi5W1ey67oiEB7GGxfJlmG0488sKrmxtxuZCMybUBRrW-WVd7gOR0zsPiFpcixU7MpcUUcCAy8vZIKBkrfrjFV1YcEkqeWtU3PnugzN-RY2zYtlMb_CDdw4M0abtQL7I-wo0teAaKdXfqOn0aZIfvQGQFxviPnlWFJjQW4lvhfCW3WbPmI9vhGJgt6kkkeTSzLThVF5O4OPhdDxfc.GSx1MK9MR4hHs99XiyuWrm_UAjxM3nZFf14c1LOio8M&dib_tag=se&keywords=phone&qid=1731402697&sr=8-33,False,$,235.0,235.0,4.0
B0CSB22F9C,"Samsung Galaxy A15 (SM-155M/DSN), 128GB 6GB RAM, Dual SIM, Factory Unlocked GSM, International Version (Wall Charger Bundle) (Light Blue)",/Samsung-SM-155M-DSN-Unlocked-International/dp/B0CSB22F9C/ref=sr_1_2?dib=eyJ2IjoiMSJ9.Wn0-seQH8boHXQmfsv2ncsJNBAv97Dp9f0voL5htuRdMtl6Z0U5I-AfMd5RK1HxrjBIK-PldOtRQCli5RtGcxaEyWGL6o5R1lC8poAMX4MUyJ1MC9nuiPmQ-Vgn-wOqAE4rSW2igzR_qL470vD9d8d5rinKOy8LuIIwn7MFsmFEkgRnixVNFE51_-lTZiv50FPVTXgJok2gNoPw90Jsc4USui1OW1cDTk5Kew8xPfV4.pEiXt0xhxNuvY-UDf1ifBmwBxLn2ifDqpgmjCpVqZZE&dib_tag=se&keywords=phone&qid=1731402697&sr=8-2,False,$,168.0,168.0,4.2
B086QB7WZ1,"AT&T BL102-2 DECT 6.0 2-Handset Cordless Phone for Home with Answering Machine, Call Blocking, Caller ID Announcer, Audio Assist, Intercom, and Unsurpassed Range, Silver/Black",/AT-BL102-2-2-Handset-Answering-Unsurpassed/dp/B086QB7WZ1/ref=sr_1_19?dib=eyJ2IjoiMSJ9.UVu6wxKCOHSMNSPmNTZJFOy0urFeHTsN5TT0J-HWaW31JCPUDbbkLIk7I52HQYPPMp3KnCCa_XY7E4T3m-Wq0OWWdO2RyjsX9JQlSdJZf_OOWOLHFDUA-6ECJBU1ijBnssKWDaVcM-_HEAkuOohPq8OqgiaPeI6xJvMJLS6iTFsCTe1FbiZ5dTkhNW7VjJFWarIP4V1heYTMkus3cplLE9namBuwJmLsDu_Rn5ui3KI.2KnvY3K3e8ocxvkTU1zA9vW4fiWNwn3xMuX7e4Hw1dI&dib_tag=se&keywords=phone&qid=1731402697&sr=8-19,False,$,56.95,56.95,4.3
B092NTYZ78,"Panasonic Compact Cordless Phone with DECT 6.0, 1.6"" Amber LCD and Illuminated HS Keypad, Call Block, Caller ID, Multiple Display Languages - 1 Handset - KX-TGB810S (Black/Silver)",/Panasonic-Cordless-Illuminated-Multiple-Languages/dp/B092NTYZ78/ref=sr_1_34?dib=eyJ2IjoiMSJ9.hDbRv01rqiZwOlru3UIwUt56apOi5W1ey67oiEB7GGxfJlmG0488sKrmxtxuZCMybUBRrW-WVd7gOR0zsPiFpcixU7MpcUUcCAy8vZIKBkrfrjFV1YcEkqeWtU3PnugzN-RY2zYtlMb_CDdw4M0abtQL7I-wo0teAaKdXfqOn0aZIfvQGQFxviPnlWFJjQW4lvhfCW3WbPmI9vhGJgt6kkkeTSzLThVF5O4OPhdDxfc.GSx1MK9MR4hHs99XiyuWrm_UAjxM3nZFf14c1LOio8M&dib_tag=se&keywords=phone&qid=1731402697&sr=8-34,False,$,19.99,24.99,4.2
B0D1ZFS9GH,Moto G Stylus 5G | 2024 | Unlocked | Made for US 8/256GB | 50MP Camera | Caramel Latte,/Stylus-Unlocked-256GB-Camera-Caramel/dp/B0D1ZFS9GH/ref=sr_1_3?dib=eyJ2IjoiMSJ9.Wn0-seQH8boHXQmfsv2ncsJNBAv97Dp9f0voL5htuRdMtl6Z0U5I-AfMd5RK1HxrjBIK-PldOtRQCli5RtGcxaEyWGL6o5R1lC8poAMX4MUyJ1MC9nuiPmQ-Vgn-wOqAE4rSW2igzR_qL470vD9d8d5rinKOy8LuIIwn7MFsmFEkgRnixVNFE51_-lTZiv50FPVTXgJok2gNoPw90Jsc4USui1OW1cDTk5Kew8xPfV4.pEiXt0xhxNuvY-UDf1ifBmwBxLn2ifDqpgmjCpVqZZE&dib_tag=se&keywords=phone&qid=1731402697&sr=8-3,False,$,249.99,399.99,4.4
B0CTW8TXGH,Tracfone | Motorola Moto g Play 2024 | Locked | 64GB | 5000mAh Battery | 50MP Quad Pixel Camera | 6.5-in. HD+ 90Hz Display | Sapphire Blue,/Tracfone-Motorola-5000mAh-Battery-Sapphire/dp/B0CTW8TXGH/ref=sr_1_20?dib=eyJ2IjoiMSJ9.UVu6wxKCOHSMNSPmNTZJFOy0urFeHTsN5TT0J-HWaW31JCPUDbbkLIk7I52HQYPPMp3KnCCa_XY7E4T3m-Wq0OWWdO2RyjsX9JQlSdJZf_OOWOLHFDUA-6ECJBU1ijBnssKWDaVcM-_HEAkuOohPq8OqgiaPeI6xJvMJLS6iTFsCTe1FbiZ5dTkhNW7VjJFWarIP4V1heYTMkus3cplLE9namBuwJmLsDu_Rn5ui3KI.2KnvY3K3e8ocxvkTU1zA9vW4fiWNwn3xMuX7e4Hw1dI&dib_tag=se&keywords=phone&qid=1731402697&sr=8-20,False,$,49.99,49.99,4.3
B0D9927L49,Motorola Moto G Power 5G | 2023 | Unlocked | Made for US 4/128GB | 50 MPCamera | Mineral Black,/Motorola-Power-Unlocked-MPCamera-Mineral/dp/B0D9927L49/ref=sr_1_35?dib=eyJ2IjoiMSJ9.hDbRv01rqiZwOlru3UIwUt56apOi5W1ey67oiEB7GGxfJlmG0488sKrmxtxuZCMybUBRrW-WVd7gOR0zsPiFpcixU7MpcUUcCAy8vZIKBkrfrjFV1YcEkqeWtU3PnugzN-RY2zYtlMb_CDdw4M0abtQL7I-wo0teAaKdXfqOn0aZIfvQGQFxviPnlWFJjQW4lvhfCW3WbPmI9vhGJgt6kkkeTSzLThVF5O4OPhdDxfc.GSx1MK9MR4hHs99XiyuWrm_UAjxM3nZFf14c1LOio8M&dib_tag=se&keywords=phone&qid=1731402697&sr=8-35,False,$,144.99,144.99,4.2
B096T6Y623,"Samsung Galaxy S21 Ultra 5G, US Version, 128GB, Phantom Black - Unlocked (Renewed)",/Galaxy-S21-Ultra-5G-Smartphone/dp/B096T6Y623/ref=sr_1_21?dib=eyJ2IjoiMSJ9.UVu6wxKCOHSMNSPmNTZJFOy0urFeHTsN5TT0J-HWaW31JCPUDbbkLIk7I52HQYPPMp3KnCCa_XY7E4T3m-Wq0OWWdO2RyjsX9JQlSdJZf_OOWOLHFDUA-6ECJBU1ijBnssKWDaVcM-_HEAkuOohPq8OqgiaPeI6xJvMJLS6iTFsCTe1FbiZ5dTkhNW7VjJFWarIP4V1heYTMkus3cplLE9namBuwJmLsDu_Rn5ui3KI.2KnvY3K3e8ocxvkTU1zA9vW4fiWNwn3xMuX7e4Hw1dI&dib_tag=se&keywords=phone&qid=1731402697&sr=8-21,False,$,279.99,279.99,3.8
No name,"Gabb Phone 4: The Perfect First Phone for Kids - Safe Apps, No Social Media/Internet Browser, GPS Tracking, Parental Controls, Talk & Text, 30 Activation Fee",https://aax-us-iad.amazon.com/x/c/JM6JJ0WmC45OfEGLoo0QTT4AAAGTH6SKiQEAAAH2AQBvbm9fdHhuX2JpZDEgICBvbm9fdHhuX2ltcDIgICCGi6wb/https://www.amazon.com/Gabb-Phone-Internet-Tracking-Activation/dp/B0D8683JFV/ref=sxin_16_sbv_search_btf?content-id=amzn1.sym.7032aefd-3c59-4a1e-aaf4-8d3a944207a4%3Aamzn1.sym.7032aefd-3c59-4a1e-aaf4-8d3a944207a4&cv_ct_cx=phone&dib=eyJ2IjoiMSJ9.ajySZaVWVbBNQRs8lhWiAA.pHgye1DJJoyM3LtFUR-V8WO8oa7b3EgjTC5L1Ng_zSI&dib_tag=se&keywords=phone&pd_rd_i=B0D8683JFV&pd_rd_r=21ca87cf-0849-4ca0-9673-69c81b3919c4&pd_rd_w=ej8n0&pd_rd_wg=LoxtG&pf_rd_p=7032aefd-3c59-4a1e-aaf4-8d3a944207a4&pf_rd_r=9YAG6K82P5HRBJ5S0PMJ&qid=1731402697&sbo=RZvfv%2F%2FHxDF%2BO5021pAnSA%3D%3D&sr=1-1-5190daf0-67e3-427c-bea6-c72c1df98776,False,$,74.99,149.99,4.7
B08L34JQ9C,"Samsung Galaxy S20 FE 5G, 128GB, Cloud Navy - Unlocked (Renewed)",/Samsung-Galaxy-S20-FE-128GB/dp/B08L34JQ9C/ref=sr_1_36?dib=eyJ2IjoiMSJ9.hDbRv01rqiZwOlru3UIwUt56apOi5W1ey67oiEB7GGxfJlmG0488sKrmxtxuZCMybUBRrW-WVd7gOR0zsPiFpcixU7MpcUUcCAy8vZIKBkrfrjFV1YcEkqeWtU3PnugzN-RY2zYtlMb_CDdw4M0abtQL7I-wo0teAaKdXfqOn0aZIfvQGQFxviPnlWFJjQW4lvhfCW3WbPmI9vhGJgt6kkkeTSzLThVF5O4OPhdDxfc.GSx1MK9MR4hHs99XiyuWrm_UAjxM3nZFf14c1LOio8M&dib_tag=se&keywords=phone&qid=1731402697&sr=8-36,False,$,162.99,162.99,3.9
B09T3MQSVP,"Samsung Galaxy A13 5G Cell Phone, AT&T GSM Unlocked Android Smartphone, 64GB, Long Lasting Battery, Expandable Storage, Triple Lens Camera, Infinite Display, Black (Renewed)",/Galaxy-A13-5G-Smartphone-Expandable/dp/B09T3MQSVP/ref=sr_1_22?dib=eyJ2IjoiMSJ9.UVu6wxKCOHSMNSPmNTZJFOy0urFeHTsN5TT0J-HWaW31JCPUDbbkLIk7I52HQYPPMp3KnCCa_XY7E4T3m-Wq0OWWdO2RyjsX9JQlSdJZf_OOWOLHFDUA-6ECJBU1ijBnssKWDaVcM-_HEAkuOohPq8OqgiaPeI6xJvMJLS6iTFsCTe1FbiZ5dTkhNW7VjJFWarIP4V1heYTMkus3cplLE9namBuwJmLsDu_Rn5ui3KI.2KnvY3K3e8ocxvkTU1zA9vW4fiWNwn3xMuX7e4Hw1dI&dib_tag=se&keywords=phone&qid=1731402697&sr=8-22,False,$,89.0,89.0,3.8
B0CT45DH2H,SAMSUNG Galaxy S24 Ultra SM-S928B/DS 12GB 256GB Dual Sim Factory Unlocked International Model (Titanium Grey),/SAMSUNG-SM-S928B-Storage-Unlocked-Titanium/dp/B0CT45DH2H/ref=sr_1_37?dib=eyJ2IjoiMSJ9.hDbRv01rqiZwOlru3UIwUt56apOi5W1ey67oiEB7GGxfJlmG0488sKrmxtxuZCMybUBRrW-WVd7gOR0zsPiFpcixU7MpcUUcCAy8vZIKBkrfrjFV1YcEkqeWtU3PnugzN-RY2zYtlMb_CDdw4M0abtQL7I-wo0teAaKdXfqOn0aZIfvQGQFxviPnlWFJjQW4lvhfCW3WbPmI9vhGJgt6kkkeTSzLThVF5O4OPhdDxfc.GSx1MK9MR4hHs99XiyuWrm_UAjxM3nZFf14c1LOio8M&dib_tag=se&keywords=phone&qid=1731402697&sr=8-37,False,$,930.0,930.0,4.2
B0C2SWQBMB,"Motorola Moto G 5G | 2023 | Unlocked | Made for US 4/128GB | 48 MPCamera | Ink Blue, 163.94x74.98x8.39",/Motorola-Unlocked-128GB-MPCamera-163-94x74-98x8-39/dp/B0C2SWQBMB/ref=sr_1_4?dib=eyJ2IjoiMSJ9.Wn0-seQH8boHXQmfsv2ncsJNBAv97Dp9f0voL5htuRdMtl6Z0U5I-AfMd5RK1HxrjBIK-PldOtRQCli5RtGcxaEyWGL6o5R1lC8poAMX4MUyJ1MC9nuiPmQ-Vgn-wOqAE4rSW2igzR_qL470vD9d8d5rinKOy8LuIIwn7MFsmFEkgRnixVNFE51_-lTZiv50FPVTXgJok2gNoPw90Jsc4USui1OW1cDTk5Kew8xPfV4.pEiXt0xhxNuvY-UDf1ifBmwBxLn2ifDqpgmjCpVqZZE&dib_tag=se&keywords=phone&qid=1731402697&sr=8-4,False,$,139.99,249.99,4.1
B07ZPKN6YR,"Apple iPhone 11, 64GB, Black - Unlocked (Renewed)",/Apple-iPhone-11-64GB-Black/dp/B07ZPKN6YR/ref=sr_1_23?dib=eyJ2IjoiMSJ9.UVu6wxKCOHSMNSPmNTZJFOy0urFeHTsN5TT0J-HWaW31JCPUDbbkLIk7I52HQYPPMp3KnCCa_XY7E4T3m-Wq0OWWdO2RyjsX9JQlSdJZf_OOWOLHFDUA-6ECJBU1ijBnssKWDaVcM-_HEAkuOohPq8OqgiaPeI6xJvMJLS6iTFsCTe1FbiZ5dTkhNW7VjJFWarIP4V1heYTMkus3cplLE9namBuwJmLsDu_Rn5ui3KI.2KnvY3K3e8ocxvkTU1zA9vW4fiWNwn3xMuX7e4Hw1dI&dib_tag=se&keywords=phone&qid=1731402697&sr=8-23,False,$,230.98,230.98,4.2
B0CRFB8HW4,"SAMSUNG Galaxy A05 (128GB, 4GB) 6.7"" Dual SIM Fully Unlocked Global 4G LTE A055M/DS (Black)",/SAMSUNG-Galaxy-Unlocked-Global-DS/dp/B0CRFB8HW4/ref=sr_1_38?dib=eyJ2IjoiMSJ9.hDbRv01rqiZwOlru3UIwUt56apOi5W1ey67oiEB7GGxfJlmG0488sKrmxtxuZCMybUBRrW-WVd7gOR0zsPiFpcixU7MpcUUcCAy8vZIKBkrfrjFV1YcEkqeWtU3PnugzN-RY2zYtlMb_CDdw4M0abtQL7I-wo0teAaKdXfqOn0aZIfvQGQFxviPnlWFJjQW4lvhfCW3WbPmI9vhGJgt6kkkeTSzLThVF5O4OPhdDxfc.GSx1MK9MR4hHs99XiyuWrm_UAjxM3nZFf14c1LOio8M&dib_tag=se&keywords=phone&qid=1731402697&sr=8-38,False,$,101.99,101.99,3.8
B0BN72FYFG,"Apple iPhone 14, 128GB, Midnight - Unlocked (Renewed)",/Apple-iPhone-14-128GB-Midnight/dp/B0BN72FYFG/ref=sr_1_5?dib=eyJ2IjoiMSJ9.Wn0-seQH8boHXQmfsv2ncsJNBAv97Dp9f0voL5htuRdMtl6Z0U5I-AfMd5RK1HxrjBIK-PldOtRQCli5RtGcxaEyWGL6o5R1lC8poAMX4MUyJ1MC9nuiPmQ-Vgn-wOqAE4rSW2igzR_qL470vD9d8d5rinKOy8LuIIwn7MFsmFEkgRnixVNFE51_-lTZiv50FPVTXgJok2gNoPw90Jsc4USui1OW1cDTk5Kew8xPfV4.pEiXt0xhxNuvY-UDf1ifBmwBxLn2ifDqpgmjCpVqZZE&dib_tag=se&keywords=phone&qid=1731402697&sr=8-5,False,$,407.94,457.0,4.1
B09V5LDZQ4,"Samsung Galaxy S22 Smartphone, Factory Unlocked Android Cell Phone, 128GB, 8K Camera & Video, Brightest Display, Long Battery Life, Fast 4nm Processor, US Version, Phantom Black (Renewed)",/Samsung-Smartphone-Unlocked-Brightest-Processor/dp/B09V5LDZQ4/ref=sr_1_24?dib=eyJ2IjoiMSJ9.UVu6wxKCOHSMNSPmNTZJFOy0urFeHTsN5TT0J-HWaW31JCPUDbbkLIk7I52HQYPPMp3KnCCa_XY7E4T3m-Wq0OWWdO2RyjsX9JQlSdJZf_OOWOLHFDUA-6ECJBU1ijBnssKWDaVcM-_HEAkuOohPq8OqgiaPeI6xJvMJLS6iTFsCTe1FbiZ5dTkhNW7VjJFWarIP4V1heYTMkus3cplLE9namBuwJmLsDu_Rn5ui3KI.2KnvY3K3e8ocxvkTU1zA9vW4fiWNwn3xMuX7e4Hw1dI&dib_tag=se&keywords=phone&qid=1731402697&sr=8-24,False,$,264.99,264.99,4.0
B0D2JB6HP5,Motorola Edge | 2024 | Unlocked | Made for US 8/256GB | 50MP Camera | Midnight Blue,/Motorola-Unlocked-256GB-Camera-Midnight/dp/B0D2JB6HP5/ref=sr_1_39?dib=eyJ2IjoiMSJ9.hDbRv01rqiZwOlru3UIwUt56apOi5W1ey67oiEB7GGxfJlmG0488sKrmxtxuZCMybUBRrW-WVd7gOR0zsPiFpcixU7MpcUUcCAy8vZIKBkrfrjFV1YcEkqeWtU3PnugzN-RY2zYtlMb_CDdw4M0abtQL7I-wo0teAaKdXfqOn0aZIfvQGQFxviPnlWFJjQW4lvhfCW3WbPmI9vhGJgt6kkkeTSzLThVF5O4OPhdDxfc.GSx1MK9MR4hHs99XiyuWrm_UAjxM3nZFf14c1LOio8M&dib_tag=se&keywords=phone&qid=1731402697&sr=8-39,False,$,449.99,549.99,4.3
B08PP5MSVB,"Apple iPhone 12, 64GB, Black - Fully Unlocked (Renewed)",/Apple-iPhone-12-64GB-Black/dp/B08PP5MSVB/ref=sr_1_6?dib=eyJ2IjoiMSJ9.Wn0-seQH8boHXQmfsv2ncsJNBAv97Dp9f0voL5htuRdMtl6Z0U5I-AfMd5RK1HxrjBIK-PldOtRQCli5RtGcxaEyWGL6o5R1lC8poAMX4MUyJ1MC9nuiPmQ-Vgn-wOqAE4rSW2igzR_qL470vD9d8d5rinKOy8LuIIwn7MFsmFEkgRnixVNFE51_-lTZiv50FPVTXgJok2gNoPw90Jsc4USui1OW1cDTk5Kew8xPfV4.pEiXt0xhxNuvY-UDf1ifBmwBxLn2ifDqpgmjCpVqZZE&dib_tag=se&keywords=phone&qid=1731402697&sr=8-6,False,$,274.0,274.0,4.1
B00FRSYS12,"VTech CS6719-2 2-Handset Expandable Cordless Phone with Caller ID/Call Waiting, Handset Intercom & Backlit Display/Keypad, Silver",/VTech-CS6719-2-2-Handset-Expandable-Cordless/dp/B00FRSYS12/ref=sr_1_25?dib=eyJ2IjoiMSJ9.UVu6wxKCOHSMNSPmNTZJFOy0urFeHTsN5TT0J-HWaW31JCPUDbbkLIk7I52HQYPPMp3KnCCa_XY7E4T3m-Wq0OWWdO2RyjsX9JQlSdJZf_OOWOLHFDUA-6ECJBU1ijBnssKWDaVcM-_HEAkuOohPq8OqgiaPeI6xJvMJLS6iTFsCTe1FbiZ5dTkhNW7VjJFWarIP4V1heYTMkus3cplLE9namBuwJmLsDu_Rn5ui3KI.2KnvY3K3e8ocxvkTU1zA9vW4fiWNwn3xMuX7e4Hw1dI&dib_tag=se&keywords=phone&qid=1731402697&sr=8-25,False,$,38.95,38.95,4.3
B0BYL93774,"Apple iPhone 14, 128GB, Midnight - Unlocked (Renewed Premium)",/Apple-iPhone-14-128GB-Midnight/dp/B0BYL93774/ref=sr_1_40?dib=eyJ2IjoiMSJ9.hDbRv01rqiZwOlru3UIwUt56apOi5W1ey67oiEB7GGxfJlmG0488sKrmxtxuZCMybUBRrW-WVd7gOR0zsPiFpcixU7MpcUUcCAy8vZIKBkrfrjFV1YcEkqeWtU3PnugzN-RY2zYtlMb_CDdw4M0abtQL7I-wo0teAaKdXfqOn0aZIfvQGQFxviPnlWFJjQW4lvhfCW3WbPmI9vhGJgt6kkkeTSzLThVF5O4OPhdDxfc.GSx1MK9MR4hHs99XiyuWrm_UAjxM3nZFf14c1LOio8M&dib_tag=se&keywords=phone&qid=1731402697&sr=8-40,False,$,529.97,529.97,4.2
B0CN1QSH8Q,"SAMSUNG Galaxy A15 5G A Series Cell Phone, 128GB Unlocked Android Smartphone, AMOLED Display, Expandable Storage, Knox Security, Super Fast Charging, US Version, 2024, Blue Black",/SAMSUNG-Unlocked-Smartphone-Expandable-Security/dp/B0CN1QSH8Q/ref=sr_1_26?dib=eyJ2IjoiMSJ9.UVu6wxKCOHSMNSPmNTZJFOy0urFeHTsN5TT0J-HWaW31JCPUDbbkLIk7I52HQYPPMp3KnCCa_XY7E4T3m-Wq0OWWdO2RyjsX9JQlSdJZf_OOWOLHFDUA-6ECJBU1ijBnssKWDaVcM-_HEAkuOohPq8OqgiaPeI6xJvMJLS6iTFsCTe1FbiZ5dTkhNW7VjJFWarIP4V1heYTMkus3cplLE9namBuwJmLsDu_Rn5ui3KI.2KnvY3K3e8ocxvkTU1zA9vW4fiWNwn3xMuX7e4Hw1dI&dib_tag=se&keywords=phone&qid=1731402697&sr=8-26,False,$,199.99,199.99,4.0
B0CRWT7WF1,Samsung Galaxy A05 A055M 64GB Dual-SIM GSM Unlocked Android Smartphone (Latin America Version) - Black,/Samsung-Dual-SIM-Unlocked-Android-Smartphone/dp/B0CRWT7WF1/ref=sr_1_7?dib=eyJ2IjoiMSJ9.Wn0-seQH8boHXQmfsv2ncsJNBAv97Dp9f0voL5htuRdMtl6Z0U5I-AfMd5RK1HxrjBIK-PldOtRQCli5RtGcxaEyWGL6o5R1lC8poAMX4MUyJ1MC9nuiPmQ-Vgn-wOqAE4rSW2igzR_qL470vD9d8d5rinKOy8LuIIwn7MFsmFEkgRnixVNFE51_-lTZiv50FPVTXgJok2gNoPw90Jsc4USui1OW1cDTk5Kew8xPfV4.pEiXt0xhxNuvY-UDf1ifBmwBxLn2ifDqpgmjCpVqZZE&dib_tag=se&keywords=phone&qid=1731402697&sr=8-7,False,$,109.99,118.97,4.1
B0D7V1J2Y1,Google Pixel 9 Pro Fold - Unlocked Android Smartphone with Gemini - Advanced Triple Rear Camera System - Foldable Display - Hands-Free Video - Obsidian - 256 GB,/Google-Pixel-Pro-Fold-Smartphone/dp/B0D7V1J2Y1/ref=sr_1_41?dib=eyJ2IjoiMSJ9.hDbRv01rqiZwOlru3UIwUt56apOi5W1ey67oiEB7GGxfJlmG0488sKrmxtxuZCMybUBRrW-WVd7gOR0zsPiFpcixU7MpcUUcCAy8vZIKBkrfrjFV1YcEkqeWtU3PnugzN-RY2zYtlMb_CDdw4M0abtQL7I-wo0teAaKdXfqOn0aZIfvQGQFxviPnlWFJjQW4lvhfCW3WbPmI9vhGJgt6kkkeTSzLThVF5O4OPhdDxfc.GSx1MK9MR4hHs99XiyuWrm_UAjxM3nZFf14c1LOio8M&dib_tag=se&keywords=phone&qid=1731402697&sr=8-41,False,$,1499.0,1799.0,4.3
B0CV2W1TKZ,"Samsung Galaxy A15 (SM-155M/DSN), 128GB 6GB RAM, Dual SIM, Factory Unlocked GSM, International Version (Ring Grip Case Bundle) (Light Blue)",/Samsung-SM-155M-DSN-Unlocked-International/dp/B0CV2W1TKZ/ref=sr_1_29?dib=eyJ2IjoiMSJ9.UVu6wxKCOHSMNSPmNTZJFOy0urFeHTsN5TT0J-HWaW31JCPUDbbkLIk7I52HQYPPMp3KnCCa_XY7E4T3m-Wq0OWWdO2RyjsX9JQlSdJZf_OOWOLHFDUA-6ECJBU1ijBnssKWDaVcM-_HEAkuOohPq8OqgiaPeI6xJvMJLS6iTFsCTe1FbiZ5dTkhNW7VjJFWarIP4V1heYTMkus3cplLE9namBuwJmLsDu_Rn5ui3KI.2KnvY3K3e8ocxvkTU1zA9vW4fiWNwn3xMuX7e4Hw1dI&dib_tag=se&keywords=phone&qid=1731402697&sr=8-29,False,$,167.5,167.5,4.1
B09SM24S8C,"Samsung Galaxy A03s Cell Phone, AT&T GSM Unlocked Android Smartphone, 32GB, Long Lasting Battery, Expandable Storage, 3 Camera Lenses, Infinite Display - Black (Renewed)",/Samsung-Unlocked-Smartphone-Expandable-Infinite/dp/B09SM24S8C/ref=sr_1_8?dib=eyJ2IjoiMSJ9.Wn0-seQH8boHXQmfsv2ncsJNBAv97Dp9f0voL5htuRdMtl6Z0U5I-AfMd5RK1HxrjBIK-PldOtRQCli5RtGcxaEyWGL6o5R1lC8poAMX4MUyJ1MC9nuiPmQ-Vgn-wOqAE4rSW2igzR_qL470vD9d8d5rinKOy8LuIIwn7MFsmFEkgRnixVNFE51_-lTZiv50FPVTXgJok2gNoPw90Jsc4USui1OW1cDTk5Kew8xPfV4.pEiXt0xhxNuvY-UDf1ifBmwBxLn2ifDqpgmjCpVqZZE&dib_tag=se&keywords=phone&qid=1731402697&sr=8-8,False,$,68.49,99.99,3.7
B0CSGK59ZB,"Panasonic Corded/Cordless Phone with Advanced Call Block, 2-Way Recording and Digital Answering Machine, 2 Handsets Expandable up to 6 Cordless Handsets - KX-TGF852B (Black)",/Panasonic-Cordless-Recording-Answering-Expandable/dp/B0CSGK59ZB/ref=sr_1_42?dib=eyJ2IjoiMSJ9.hDbRv01rqiZwOlru3UIwUt56apOi5W1ey67oiEB7GGxfJlmG0488sKrmxtxuZCMybUBRrW-WVd7gOR0zsPiFpcixU7MpcUUcCAy8vZIKBkrfrjFV1YcEkqeWtU3PnugzN-RY2zYtlMb_CDdw4M0abtQL7I-wo0teAaKdXfqOn0aZIfvQGQFxviPnlWFJjQW4lvhfCW3WbPmI9vhGJgt6kkkeTSzLThVF5O4OPhdDxfc.GSx1MK9MR4hHs99XiyuWrm_UAjxM3nZFf14c1LOio8M&dib_tag=se&keywords=phone&qid=1731402697&sr=8-42,False,$,99.99,99.99,4.4
B0BQ118F2T,Moto G Play 2023 3-Day Battery Unlocked Made for US 3/32GB 16MP Camera Navy Blue,/Moto-3-Day-Battery-Unlocked-Camera/dp/B0BQ118F2T/ref=sr_1_30?dib=eyJ2IjoiMSJ9.UVu6wxKCOHSMNSPmNTZJFOy0urFeHTsN5TT0J-HWaW31JCPUDbbkLIk7I52HQYPPMp3KnCCa_XY7E4T3m-Wq0OWWdO2RyjsX9JQlSdJZf_OOWOLHFDUA-6ECJBU1ijBnssKWDaVcM-_HEAkuOohPq8OqgiaPeI6xJvMJLS6iTFsCTe1FbiZ5dTkhNW7VjJFWarIP4V1heYTMkus3cplLE9namBuwJmLsDu_Rn5ui3KI.2KnvY3K3e8ocxvkTU1zA9vW4fiWNwn3xMuX7e4Hw1dI&dib_tag=se&keywords=phone&qid=1731402697&sr=8-30,False,$,99.99,99.99,4.0
B0CYQ916ZY,"Google Pixel 8a - Unlocked Android Phone with Google AI, Advanced Pixel Camera and 24-Hour Battery - Obsidian - 128 GB",/Google-Pixel-8a-Unlocked-Advanced/dp/B0CYQ916ZY/ref=sr_1_9?dib=eyJ2IjoiMSJ9.Wn0-seQH8boHXQmfsv2ncsJNBAv97Dp9f0voL5htuRdMtl6Z0U5I-AfMd5RK1HxrjBIK-PldOtRQCli5RtGcxaEyWGL6o5R1lC8poAMX4MUyJ1MC9nuiPmQ-Vgn-wOqAE4rSW2igzR_qL470vD9d8d5rinKOy8LuIIwn7MFsmFEkgRnixVNFE51_-lTZiv50FPVTXgJok2gNoPw90Jsc4USui1OW1cDTk5Kew8xPfV4.pEiXt0xhxNuvY-UDf1ifBmwBxLn2ifDqpgmjCpVqZZE&dib_tag=se&keywords=phone&qid=1731402697&sr=8-9,False,$,399.0,499.0,4.2
B0C2S6TKTL,"Motorola Moto G Stylus 5G | 2023 | Unlocked | Made for US 6/256GB | 50 MPCamera | Cosmic Black, 162.83x73.77x9.29",/Motorola-Stylus-Unlocked-MPCamera-Cosmic/dp/B0C2S6TKTL/ref=sr_1_43?dib=eyJ2IjoiMSJ9.hDbRv01rqiZwOlru3UIwUt56apOi5W1ey67oiEB7GGxfJlmG0488sKrmxtxuZCMybUBRrW-WVd7gOR0zsPiFpcixU7MpcUUcCAy8vZIKBkrfrjFV1YcEkqeWtU3PnugzN-RY2zYtlMb_CDdw4M0abtQL7I-wo0teAaKdXfqOn0aZIfvQGQFxviPnlWFJjQW4lvhfCW3WbPmI9vhGJgt6kkkeTSzLThVF5O4OPhdDxfc.GSx1MK9MR4hHs99XiyuWrm_UAjxM3nZFf14c1LOio8M&dib_tag=se&keywords=phone&qid=1731402697&sr=8-43,False,$,229.99,399.99,4.2
B088NQXD8T,"Apple iPhone SE 2nd Generation, US Version, 64GB, Black - Unlocked (Renewed)",/Apple-iPhone-SE-64GB-Black/dp/B088NQXD8T/ref=sr_1_31?dib=eyJ2IjoiMSJ9.UVu6wxKCOHSMNSPmNTZJFOy0urFeHTsN5TT0J-HWaW31JCPUDbbkLIk7I52HQYPPMp3KnCCa_XY7E4T3m-Wq0OWWdO2RyjsX9JQlSdJZf_OOWOLHFDUA-6ECJBU1ijBnssKWDaVcM-_HEAkuOohPq8OqgiaPeI6xJvMJLS6iTFsCTe1FbiZ5dTkhNW7VjJFWarIP4V1heYTMkus3cplLE9namBuwJmLsDu_Rn5ui3KI.2KnvY3K3e8ocxvkTU1zA9vW4fiWNwn3xMuX7e4Hw1dI&dib_tag=se&keywords=phone&qid=1731402697&sr=8-31,False,$,119.0,156.86,4.2
B0BZG14KFJ,"Panasonic Cordless Phone with Answering Machine, Advanced Call Block, Bilingual Caller ID and Easy to Read High-Contrast Display, Expandable System with 2 Handsets - KX-TGD832M (Metallic Black)",/Panasonic-Answering-Bilingual-High-Contrast-Expandable/dp/B0BZG14KFJ/ref=sr_1_10?dib=eyJ2IjoiMSJ9.Wn0-seQH8boHXQmfsv2ncsJNBAv97Dp9f0voL5htuRdMtl6Z0U5I-AfMd5RK1HxrjBIK-PldOtRQCli5RtGcxaEyWGL6o5R1lC8poAMX4MUyJ1MC9nuiPmQ-Vgn-wOqAE4rSW2igzR_qL470vD9d8d5rinKOy8LuIIwn7MFsmFEkgRnixVNFE51_-lTZiv50FPVTXgJok2gNoPw90Jsc4USui1OW1cDTk5Kew8xPfV4.pEiXt0xhxNuvY-UDf1ifBmwBxLn2ifDqpgmjCpVqZZE&dib_tag=se&keywords=phone&qid=1731402697&sr=8-10,False,$,58.56,58.56,4.4
B0C22BRGLG,"OnePlus Nord N30 5G | Unlocked Dual-SIM Android Smart Phone | 6.7"" LCD Display | 8 +128GB | 5000 mAh Battery | 50W Fast Charging | 108MP Camera | Chromatic Gray",/OnePlus-Unlocked-Dual-SIM-Charging-Chromatic/dp/B0C22BRGLG/ref=sr_1_44?dib=eyJ2IjoiMSJ9.hDbRv01rqiZwOlru3UIwUt56apOi5W1ey67oiEB7GGxfJlmG0488sKrmxtxuZCMybUBRrW-WVd7gOR0zsPiFpcixU7MpcUUcCAy8vZIKBkrfrjFV1YcEkqeWtU3PnugzN-RY2zYtlMb_CDdw4M0abtQL7I-wo0teAaKdXfqOn0aZIfvQGQFxviPnlWFJjQW4lvhfCW3WbPmI9vhGJgt6kkkeTSzLThVF5O4OPhdDxfc.GSx1MK9MR4hHs99XiyuWrm_UAjxM3nZFf14c1LOio8M&dib_tag=se&keywords=phone&qid=1731402697&sr=8-44,False,$,299.99,299.99,4.3
B0CMDL3H3P,"SAMSUNG Galaxy S24 Ultra Cell Phone, 256GB AI Smartphone, Unlocked Android, 50MP Zoom Camera, Long Battery Life, S Pen, US Version, 2024, Titanium Gray",/SAMSUNG-Smartphone-Unlocked-Android-Titanium/dp/B0CMDL3H3P/ref=sr_1_32?dib=eyJ2IjoiMSJ9.UVu6wxKCOHSMNSPmNTZJFOy0urFeHTsN5TT0J-HWaW31JCPUDbbkLIk7I52HQYPPMp3KnCCa_XY7E4T3m-Wq0OWWdO2RyjsX9JQlSdJZf_OOWOLHFDUA-6ECJBU1ijBnssKWDaVcM-_HEAkuOohPq8OqgiaPeI6xJvMJLS6iTFsCTe1FbiZ5dTkhNW7VjJFWarIP4V1heYTMkus3cplLE9namBuwJmLsDu_Rn5ui3KI.2KnvY3K3e8ocxvkTU1zA9vW4fiWNwn3xMuX7e4Hw1dI&dib_tag=se&keywords=phone&qid=1731402697&sr=8-32,False,$,1239.5,1299.99,4.5
B0CV4NQYFP,"SAMSUNG Galaxy A35 5G A Series Cell Phone, 128GB Unlocked Android Smartphone, AMOLED Display, Advanced Triple Camera System, Expandable Storage, Rugged Design, US Version, 2024, Awesome Navy",/SAMSUNG-A35-Unlocked-Smartphone-Expandable/dp/B0CV4NQYFP/ref=sr_1_11?dib=eyJ2IjoiMSJ9.Wn0-seQH8boHXQmfsv2ncsJNBAv97Dp9f0voL5htuRdMtl6Z0U5I-AfMd5RK1HxrjBIK-PldOtRQCli5RtGcxaEyWGL6o5R1lC8poAMX4MUyJ1MC9nuiPmQ-Vgn-wOqAE4rSW2igzR_qL470vD9d8d5rinKOy8LuIIwn7MFsmFEkgRnixVNFE51_-lTZiv50FPVTXgJok2gNoPw90Jsc4USui1OW1cDTk5Kew8xPfV4.pEiXt0xhxNuvY-UDf1ifBmwBxLn2ifDqpgmjCpVqZZE&dib_tag=se&keywords=phone&qid=1731402697&sr=8-11,False,$,324.99,399.99,4.4
B085TCRFST,"Alcatel 1 (16GB) 5.0"" Full View Display, Removable Battery, FM Radio, Dual SIM GSM Unlocked US & Global 4G LTE International Version 5033E (Bluish Black)",/Alcatel-Removable-Unlocked-International-5033E/dp/B085TCRFST/ref=sr_1_45?dib=eyJ2IjoiMSJ9.hDbRv01rqiZwOlru3UIwUt56apOi5W1ey67oiEB7GGxfJlmG0488sKrmxtxuZCMybUBRrW-WVd7gOR0zsPiFpcixU7MpcUUcCAy8vZIKBkrfrjFV1YcEkqeWtU3PnugzN-RY2zYtlMb_CDdw4M0abtQL7I-wo0teAaKdXfqOn0aZIfvQGQFxviPnlWFJjQW4lvhfCW3WbPmI9vhGJgt6kkkeTSzLThVF5O4OPhdDxfc.GSx1MK9MR4hHs99XiyuWrm_UAjxM3nZFf14c1LOio8M&dib_tag=se&keywords=phone&qid=1731402697&sr=8-45,False,$,54.99,54.99,3.5
B084KS5WYC,Samsung Galaxy A10e 32GB A102U GSM Unlocked Phone - Black (Renewed),/Samsung-Galaxy-A102U-Unlocked-Phone/dp/B084KS5WYC/ref=sr_1_33?dib=eyJ2IjoiMSJ9.UVu6wxKCOHSMNSPmNTZJFOy0urFeHTsN5TT0J-HWaW31JCPUDbbkLIk7I52HQYPPMp3KnCCa_XY7E4T3m-Wq0OWWdO2RyjsX9JQlSdJZf_OOWOLHFDUA-6ECJBU1ijBnssKWDaVcM-_HEAkuOohPq8OqgiaPeI6xJvMJLS6iTFsCTe1FbiZ5dTkhNW7VjJFWarIP4V1heYTMkus3cplLE9namBuwJmLsDu_Rn5ui3KI.2KnvY3K3e8ocxvkTU1zA9vW4fiWNwn3xMuX7e4Hw1dI&dib_tag=se&keywords=phone&qid=1731402697&sr=8-33,False,$,67.95,67.95,3.9
B0CHH1N9VY,"TracFone | Motorola Moto g Pure | Locked | 32GB | 4000 mAh Battery | 13 MP Dual Camera System | 6.5"" Max Vision HD+ Display | Blue",/TracFone-Motorola-Moto-Pure-32GB/dp/B0CHH1N9VY/ref=sr_1_12?dib=eyJ2IjoiMSJ9.Wn0-seQH8boHXQmfsv2ncsJNBAv97Dp9f0voL5htuRdMtl6Z0U5I-AfMd5RK1HxrjBIK-PldOtRQCli5RtGcxaEyWGL6o5R1lC8poAMX4MUyJ1MC9nuiPmQ-Vgn-wOqAE4rSW2igzR_qL470vD9d8d5rinKOy8LuIIwn7MFsmFEkgRnixVNFE51_-lTZiv50FPVTXgJok2gNoPw90Jsc4USui1OW1cDTk5Kew8xPfV4.pEiXt0xhxNuvY-UDf1ifBmwBxLn2ifDqpgmjCpVqZZE&dib_tag=se&keywords=phone&qid=1731402697&sr=8-12,False,$,49.99,49.99,4.2
B0BZ9XNBRB,Google Pixel 7a - Unlocked Android Cell Phone - Smartphone with Wide Angle Lens and 24-Hour Battery - 128 GB – Charcoal,/Google-Pixel-7a-Unlocked-Smartphone/dp/B0BZ9XNBRB/ref=sr_1_46?dib=eyJ2IjoiMSJ9.hDbRv01rqiZwOlru3UIwUt56apOi5W1ey67oiEB7GGxfJlmG0488sKrmxtxuZCMybUBRrW-WVd7gOR0zsPiFpcixU7MpcUUcCAy8vZIKBkrfrjFV1YcEkqeWtU3PnugzN-RY2zYtlMb_CDdw4M0abtQL7I-wo0teAaKdXfqOn0aZIfvQGQFxviPnlWFJjQW4lvhfCW3WbPmI9vhGJgt6kkkeTSzLThVF5O4OPhdDxfc.GSx1MK9MR4hHs99XiyuWrm_UAjxM3nZFf14c1LOio8M&dib_tag=se&keywords=phone&qid=1731402697&sr=8-46,False,$,339.0,499.0,4.3
B0D18SMB1X,"SAMSUNG Galaxy Z Fold 6 AI Cell Phone, 512GB Unlocked Android Smartphone, Circle to Search, Handsfree Live Interpreter, AI Photo Edits, Large Screen, 2024,US 1 Yr Manufacturer Warranty, Silver Shadow",/SAMSUNG-Smartphone-Handsfree-Interpreter-Manufacturer/dp/B0D18SMB1X/ref=sr_1_34?dib=eyJ2IjoiMSJ9.UVu6wxKCOHSMNSPmNTZJFOy0urFeHTsN5TT0J-HWaW31JCPUDbbkLIk7I52HQYPPMp3KnCCa_XY7E4T3m-Wq0OWWdO2RyjsX9JQlSdJZf_OOWOLHFDUA-6ECJBU1ijBnssKWDaVcM-_HEAkuOohPq8OqgiaPeI6xJvMJLS6iTFsCTe1FbiZ5dTkhNW7VjJFWarIP4V1heYTMkus3cplLE9namBuwJmLsDu_Rn5ui3KI.2KnvY3K3e8ocxvkTU1zA9vW4fiWNwn3xMuX7e4Hw1dI&dib_tag=se&keywords=phone&qid=1731402697&sr=8-34,False,$,1559.99,390.0,4.2
B0CGTD5KVT,"Google Pixel 8 - Unlocked Android Smartphone with Advanced Pixel Camera, 24-Hour Battery, and Powerful Security - Obsidian - 128 GB",/Google-Pixel-Unlocked-Smartphone-Advanced/dp/B0CGTD5KVT/ref=sr_1_13?dib=eyJ2IjoiMSJ9.Wn0-seQH8boHXQmfsv2ncsJNBAv97Dp9f0voL5htuRdMtl6Z0U5I-AfMd5RK1HxrjBIK-PldOtRQCli5RtGcxaEyWGL6o5R1lC8poAMX4MUyJ1MC9nuiPmQ-Vgn-wOqAE4rSW2igzR_qL470vD9d8d5rinKOy8LuIIwn7MFsmFEkgRnixVNFE51_-lTZiv50FPVTXgJok2gNoPw90Jsc4USui1OW1cDTk5Kew8xPfV4.pEiXt0xhxNuvY-UDf1ifBmwBxLn2ifDqpgmjCpVqZZE&dib_tag=se&keywords=phone&qid=1731402697&sr=8-13,False,$,399.0,699.0,4.3
B0CMPLN52T,"Apple iPhone 15, 128GB, Pink - Unlocked (Renewed)",/Apple-iPhone-15-128GB-Pink/dp/B0CMPLN52T/ref=sr_1_47?dib=eyJ2IjoiMSJ9.hDbRv01rqiZwOlru3UIwUt56apOi5W1ey67oiEB7GGxfJlmG0488sKrmxtxuZCMybUBRrW-WVd7gOR0zsPiFpcixU7MpcUUcCAy8vZIKBkrfrjFV1YcEkqeWtU3PnugzN-RY2zYtlMb_CDdw4M0abtQL7I-wo0teAaKdXfqOn0aZIfvQGQFxviPnlWFJjQW4lvhfCW3WbPmI9vhGJgt6kkkeTSzLThVF5O4OPhdDxfc.GSx1MK9MR4hHs99XiyuWrm_UAjxM3nZFf14c1LOio8M&dib_tag=se&keywords=phone&qid=1731402697&sr=8-47,False,$,614.97,614.97,4.4
B0DCLCPN9T,"SAMSUNG Galaxy S24 FE AI Phone, 128GB Unlocked Android Smartphone, High-Res 50MP Camera, Long Battery Life, Brighter Display Screen, US Version, 2024, US 1 Yr Manufacturer Warranty, Graphite",/SAMSUNG-Unlocked-Smartphone-High-Res-Manufacturer/dp/B0DCLCPN9T/ref=sr_1_14?dib=eyJ2IjoiMSJ9.Wn0-seQH8boHXQmfsv2ncsJNBAv97Dp9f0voL5htuRdMtl6Z0U5I-AfMd5RK1HxrjBIK-PldOtRQCli5RtGcxaEyWGL6o5R1lC8poAMX4MUyJ1MC9nuiPmQ-Vgn-wOqAE4rSW2igzR_qL470vD9d8d5rinKOy8LuIIwn7MFsmFEkgRnixVNFE51_-lTZiv50FPVTXgJok2gNoPw90Jsc4USui1OW1cDTk5Kew8xPfV4.pEiXt0xhxNuvY-UDf1ifBmwBxLn2ifDqpgmjCpVqZZE&dib_tag=se&keywords=phone&qid=1731402697&sr=8-14,False,$,552.49,649.99,4.7
B0CMZD7VCV,"Apple iPhone 15 Pro Max, 256GB, Natural Titanium - Unlocked (Renewed)",/Apple-iPhone-15-Pro-Max/dp/B0CMZD7VCV/ref=sr_1_35?dib=eyJ2IjoiMSJ9.UVu6wxKCOHSMNSPmNTZJFOy0urFeHTsN5TT0J-HWaW31JCPUDbbkLIk7I52HQYPPMp3KnCCa_XY7E4T3m-Wq0OWWdO2RyjsX9JQlSdJZf_OOWOLHFDUA-6ECJBU1ijBnssKWDaVcM-_HEAkuOohPq8OqgiaPeI6xJvMJLS6iTFsCTe1FbiZ5dTkhNW7VjJFWarIP4V1heYTMkus3cplLE9namBuwJmLsDu_Rn5ui3KI.2KnvY3K3e8ocxvkTU1zA9vW4fiWNwn3xMuX7e4Hw1dI&dib_tag=se&keywords=phone&qid=1731402697&sr=8-35,False,$,859.95,970.0,4.0
B09BM2FZ3M,"OnePlus Nord N200 | 5G Unlocked U.S Version | 6.49"" Full HD+LCD Screen | 90Hz Smooth Display | Large 5000mAh Battery | Fast Charging | 64GB Storage | Triple Camera (Unlocked) (Renewed)",/OnePlus-T-mobile-Unlocked-Version-Charging/dp/B09BM2FZ3M/ref=sr_1_48?dib=eyJ2IjoiMSJ9.hDbRv01rqiZwOlru3UIwUt56apOi5W1ey67oiEB7GGxfJlmG0488sKrmxtxuZCMybUBRrW-WVd7gOR0zsPiFpcixU7MpcUUcCAy8vZIKBkrfrjFV1YcEkqeWtU3PnugzN-RY2zYtlMb_CDdw4M0abtQL7I-wo0teAaKdXfqOn0aZIfvQGQFxviPnlWFJjQW4lvhfCW3WbPmI9vhGJgt6kkkeTSzLThVF5O4OPhdDxfc.GSx1MK9MR4hHs99XiyuWrm_UAjxM3nZFf14c1LOio8M&dib_tag=se&keywords=phone&qid=1731402697&sr=8-48,False,$,84.95,84.95,4.1
B09BFRV59N,"SAMSUNG Galaxy S21 FE 5G Cell Phone, Factory Unlocked Android Smartphone, 128GB, 120Hz Display Screen, Pro Grade Camera, All Day Intelligent Battery, US Version, 2022, White",/Samsung-Factory-Unlocked-Smartphone-Intelligent/dp/B09BFRV59N/ref=sr_1_15?dib=eyJ2IjoiMSJ9.Wn0-seQH8boHXQmfsv2ncsJNBAv97Dp9f0voL5htuRdMtl6Z0U5I-AfMd5RK1HxrjBIK-PldOtRQCli5RtGcxaEyWGL6o5R1lC8poAMX4MUyJ1MC9nuiPmQ-Vgn-wOqAE4rSW2igzR_qL470vD9d8d5rinKOy8LuIIwn7MFsmFEkgRnixVNFE51_-lTZiv50FPVTXgJok2gNoPw90Jsc4USui1OW1cDTk5Kew8xPfV4.pEiXt0xhxNuvY-UDf1ifBmwBxLn2ifDqpgmjCpVqZZE&dib_tag=se&keywords=phone&qid=1731402697&sr=8-15,False,$,320.0,599.99,4.5
B09VD33WHW,Samsung Galaxy S22 Ultra 5G Unlocked - 128GB - Black (Renewed),/Samsung-Galaxy-S22-5G-Unlocked/dp/B09VD33WHW/ref=sr_1_36?dib=eyJ2IjoiMSJ9.UVu6wxKCOHSMNSPmNTZJFOy0urFeHTsN5TT0J-HWaW31JCPUDbbkLIk7I52HQYPPMp3KnCCa_XY7E4T3m-Wq0OWWdO2RyjsX9JQlSdJZf_OOWOLHFDUA-6ECJBU1ijBnssKWDaVcM-_HEAkuOohPq8OqgiaPeI6xJvMJLS6iTFsCTe1FbiZ5dTkhNW7VjJFWarIP4V1heYTMkus3cplLE9namBuwJmLsDu_Rn5ui3KI.2KnvY3K3e8ocxvkTU1zA9vW4fiWNwn3xMuX7e4Hw1dI&dib_tag=se&keywords=phone&qid=1731402697&sr=8-36,False,$,398.0,398.0,3.8
B07P6Y7954,"Apple iPhone XR, 64GB, Black - Unlocked (Renewed)",/Apple-iPhone-XR-Fully-Unlocked/dp/B07P6Y7954/ref=sr_1_16?dib=eyJ2IjoiMSJ9.Wn0-seQH8boHXQmfsv2ncsJNBAv97Dp9f0voL5htuRdMtl6Z0U5I-AfMd5RK1HxrjBIK-PldOtRQCli5RtGcxaEyWGL6o5R1lC8poAMX4MUyJ1MC9nuiPmQ-Vgn-wOqAE4rSW2igzR_qL470vD9d8d5rinKOy8LuIIwn7MFsmFEkgRnixVNFE51_-lTZiv50FPVTXgJok2gNoPw90Jsc4USui1OW1cDTk5Kew8xPfV4.pEiXt0xhxNuvY-UDf1ifBmwBxLn2ifDqpgmjCpVqZZE&dib_tag=se&keywords=phone&qid=1731402697&sr=8-16,False,$,169.48,169.48,4.4
B0CYL553BR,"STERKER Compatible with iPhone 13 Case, Full Body Rugged Floral Pattern Case with Built-in Touch Sensitive Screen Protector for Women Girls, Soft TPU Bumper Case for iPhone 13, Feather Rose Red",/sspa/click?ie=UTF8&spc=MTo2NjU3OTI4NDY2MDEyMjk6MTczMTQwMjY5NzpzcF9zZWFyY2hfdGhlbWF0aWNfYnRmOjMwMDQ2NDE2MjA2NjAwMjo6MDo6&url=%2FSTERKER-Compatible-Pattern-Sensitive-Protector%2Fdp%2FB0CYL553BR%2Fref%3Dsxbs_pa_sp_search_thematic_btf_sspa%3Fcontent-id%3Damzn1.sym.0894b7e3-a6d0-4415-80f5-c710cb6f141b%253Aamzn1.sym.0894b7e3-a6d0-4415-80f5-c710cb6f141b%26cv_ct_cx%3Dphone%26dib%3DeyJ2IjoiMSJ9.-Q8cO9JaepQ7N_2cn5vw3LYidteeubSoSXFT5oi0sQ5l6p9vBKHnni4JFNj4_NMo0q9VZOPzfRxN2wBLLoqYcQ.R1Q-wahuVr74OuBn-Eu73Yc1vO89sTr2XIg6Lw8lOHI%26dib_tag%3Dse%26keywords%3Dphone%26pd_rd_i%3DB0CYL553BR%26pd_rd_r%3D41c6acd2-b8c8-4a68-8690-d8e70dfed982%26pd_rd_w%3DAIhbu%26pd_rd_wg%3DZz8RM%26pf_rd_p%3D0894b7e3-a6d0-4415-80f5-c710cb6f141b%26pf_rd_r%3D9YAG6K82P5HRBJ5S0PMJ%26qid%3D1731402697%26sbo%3DRZvfv%252F%252FHxDF%252BO5021pAnSA%253D%253D%26sr%3D1-1-2ce85fbe-2281-435c-ad39-d4a3c51e67ed-spons%26sp_csd%3Dd2lkZ2V0TmFtZT1zcF9zZWFyY2hfdGhlbWF0aWNfYnRm%26psc%3D1,True,$,13.99,15.77,4.5
B09T78YM6N,"Cordking Designed for iPhone 13 Pro Max Case, Silicone Full Cover [Enhanced Camera Protection] Shockproof Protective Phone Case with [Soft Anti-Scratch Microfiber Lining], 6.7 inch, Red",/sspa/click?ie=UTF8&spc=MTo2NjU3OTI4NDY2MDEyMjk6MTczMTQwMjY5NzpzcF9zZWFyY2hfdGhlbWF0aWNfYnRmOjMwMDM4MjM4NDE1MDEwMjo6MTo6&url=%2FCordking-13-Protection-Shockproof-Anti-Scratch%2Fdp%2FB09T78YM6N%2Fref%3Dsxbs_pa_sp_search_thematic_btf_sspa%3Fcontent-id%3Damzn1.sym.0894b7e3-a6d0-4415-80f5-c710cb6f141b%253Aamzn1.sym.0894b7e3-a6d0-4415-80f5-c710cb6f141b%26cv_ct_cx%3Dphone%26dib%3DeyJ2IjoiMSJ9.-Q8cO9JaepQ7N_2cn5vw3LYidteeubSoSXFT5oi0sQ5l6p9vBKHnni4JFNj4_NMo0q9VZOPzfRxN2wBLLoqYcQ.R1Q-wahuVr74OuBn-Eu73Yc1vO89sTr2XIg6Lw8lOHI%26dib_tag%3Dse%26keywords%3Dphone%26pd_rd_i%3DB09T78YM6N%26pd_rd_r%3D41c6acd2-b8c8-4a68-8690-d8e70dfed982%26pd_rd_w%3DAIhbu%26pd_rd_wg%3DZz8RM%26pf_rd_p%3D0894b7e3-a6d0-4415-80f5-c710cb6f141b%26pf_rd_r%3D9YAG6K82P5HRBJ5S0PMJ%26qid%3D1731402697%26sbo%3DRZvfv%252F%252FHxDF%252BO5021pAnSA%253D%253D%26sr%3D1-2-2ce85fbe-2281-435c-ad39-d4a3c51e67ed-spons%26sp_csd%3Dd2lkZ2V0TmFtZT1zcF9zZWFyY2hfdGhlbWF0aWNfYnRm%26psc%3D1,True,$,16.98,16.98,4.6
B0CMD21H2V,"ZIYE Magnetic for iPhone 14 Case with Stand[Compatible with MagSafe]，Shockproof Magnetic Kickstand Slim Translucent Cover for iPhone 14 Case with Ring Stand,Blue",/sspa/click?ie=UTF8&spc=MTo2NjU3OTI4NDY2MDEyMjk6MTczMTQwMjY5NzpzcF9zZWFyY2hfdGhlbWF0aWNfYnRmOjMwMDUxNDM2NDkwMDEwMjo6Mjo6&url=%2FZIYE-Compatible-%25EF%25BC%258CShockproof-Kickstand-Translucent%2Fdp%2FB0CMD21H2V%2Fref%3Dsxbs_pa_sp_search_thematic_btf_sspa%3Fcontent-id%3Damzn1.sym.0894b7e3-a6d0-4415-80f5-c710cb6f141b%253Aamzn1.sym.0894b7e3-a6d0-4415-80f5-c710cb6f141b%26cv_ct_cx%3Dphone%26dib%3DeyJ2IjoiMSJ9.-Q8cO9JaepQ7N_2cn5vw3LYidteeubSoSXFT5oi0sQ5l6p9vBKHnni4JFNj4_NMo0q9VZOPzfRxN2wBLLoqYcQ.R1Q-wahuVr74OuBn-Eu73Yc1vO89sTr2XIg6Lw8lOHI%26dib_tag%3Dse%26keywords%3Dphone%26pd_rd_i%3DB0CMD21H2V%26pd_rd_r%3D41c6acd2-b8c8-4a68-8690-d8e70dfed982%26pd_rd_w%3DAIhbu%26pd_rd_wg%3DZz8RM%26pf_rd_p%3D0894b7e3-a6d0-4415-80f5-c710cb6f141b%26pf_rd_r%3D9YAG6K82P5HRBJ5S0PMJ%26qid%3D1731402697%26sbo%3DRZvfv%252F%252FHxDF%252BO5021pAnSA%253D%253D%26sr%3D1-3-2ce85fbe-2281-435c-ad39-d4a3c51e67ed-spons%26sp_csd%3Dd2lkZ2V0TmFtZT1zcF9zZWFyY2hfdGhlbWF0aWNfYnRm%26psc%3D1,True,$,17.99,17.99,4.1
B094FGSW1Y,"Magnetic Case for iPhone 12 Case and iPhone 12 Pro Case Clear Glitter - Compatible with MagSafe Charger Phone Case for Women Girls, Full-Body Shockproof Protective Case Cover 6.1 inch",/sspa/click?ie=UTF8&spc=MTo2NjU3OTI4NDY2MDEyMjk6MTczMTQwMjY5NzpzcF9zZWFyY2hfdGhlbWF0aWNfYnRmOjMwMDUyNzUzNTQ0NzkwMjo6Mzo6&url=%2FMagnetic-Case-iPhone-Clear-Glitter%2Fdp%2FB094FGSW1Y%2Fref%3Dsxbs_pa_sp_search_thematic_btf_sspa%3Fcontent-id%3Damzn1.sym.0894b7e3-a6d0-4415-80f5-c710cb6f141b%253Aamzn1.sym.0894b7e3-a6d0-4415-80f5-c710cb6f141b%26cv_ct_cx%3Dphone%26dib%3DeyJ2IjoiMSJ9.-Q8cO9JaepQ7N_2cn5vw3LYidteeubSoSXFT5oi0sQ5l6p9vBKHnni4JFNj4_NMo0q9VZOPzfRxN2wBLLoqYcQ.R1Q-wahuVr74OuBn-Eu73Yc1vO89sTr2XIg6Lw8lOHI%26dib_tag%3Dse%26keywords%3Dphone%26pd_rd_i%3DB094FGSW1Y%26pd_rd_r%3D41c6acd2-b8c8-4a68-8690-d8e70dfed982%26pd_rd_w%3DAIhbu%26pd_rd_wg%3DZz8RM%26pf_rd_p%3D0894b7e3-a6d0-4415-80f5-c710cb6f141b%26pf_rd_r%3D9YAG6K82P5HRBJ5S0PMJ%26qid%3D1731402697%26sbo%3DRZvfv%252F%252FHxDF%252BO5021pAnSA%253D%253D%26sr%3D1-4-2ce85fbe-2281-435c-ad39-d4a3c51e67ed-spons%26sp_csd%3Dd2lkZ2V0TmFtZT1zcF9zZWFyY2hfdGhlbWF0aWNfYnRm%26psc%3D1,True,$,9.99,9.99,4.4
B09D3987FT,"NGB Compatible with iPhone 11 Case with Tempered Glass Screen Protector, Ring Holder/Wrist Strap, Girls Women Liquid Bling Sparkle Floating Glitter Cute Phone Case (Pink/Aqua)",/sspa/click?ie=UTF8&spc=MTo2NjU3OTI4NDY2MDEyMjk6MTczMTQwMjY5NzpzcF9zZWFyY2hfdGhlbWF0aWNfYnRmOjIwMDA5NDI3OTQzODY2MTo6NDo6&url=%2FNGB-Compatible-Tempered-Protector-Quicksand%2Fdp%2FB09D3987FT%2Fref%3Dsxbs_pa_sp_search_thematic_btf_sspa%3Fcontent-id%3Damzn1.sym.0894b7e3-a6d0-4415-80f5-c710cb6f141b%253Aamzn1.sym.0894b7e3-a6d0-4415-80f5-c710cb6f141b%26cv_ct_cx%3Dphone%26dib%3DeyJ2IjoiMSJ9.-Q8cO9JaepQ7N_2cn5vw3LYidteeubSoSXFT5oi0sQ5l6p9vBKHnni4JFNj4_NMo0q9VZOPzfRxN2wBLLoqYcQ.R1Q-wahuVr74OuBn-Eu73Yc1vO89sTr2XIg6Lw8lOHI%26dib_tag%3Dse%26keywords%3Dphone%26pd_rd_i%3DB09D3987FT%26pd_rd_r%3D41c6acd2-b8c8-4a68-8690-d8e70dfed982%26pd_rd_w%3DAIhbu%26pd_rd_wg%3DZz8RM%26pf_rd_p%3D0894b7e3-a6d0-4415-80f5-c710cb6f141b%26pf_rd_r%3D9YAG6K82P5HRBJ5S0PMJ%26qid%3D1731402697%26sbo%3DRZvfv%252F%252FHxDF%252BO5021pAnSA%253D%253D%26sr%3D1-5-2ce85fbe-2281-435c-ad39-d4a3c51e67ed-spons%26sp_csd%3Dd2lkZ2V0TmFtZT1zcF9zZWFyY2hfdGhlbWF0aWNfYnRm%26psc%3D1,True,$,9.98,9.98,4.5
B0D7HWR5QG,"Google Pixel 9 Pro XL - Unlocked Android Smartphone with Gemini, Triple Rear Camera System, 24-Hour Battery, and 6.8"" Super Actua Display - Obsidian - 256 GB",/Google-Pixel-Pro-XL-Smartphone/dp/B0D7HWR5QG/ref=sr_1_51?dib=eyJ2IjoiMSJ9.5FvbILRD2jF6kDqmgk3cJH6fD9fzkJQvzKWMrfldmTzaj_naj0fvdY30txHlWxTPL3bWca1gxnPgBqK_0psmxhM1VaWBCL5N6hIr5tAcPfcP6i1wD9_kNrb0yy_ERq7PkjjBiP7o5b8C_oc1uMJuzDACWVHeXEnUUK8xNd0FzmcHoczLn3hV5XnbcGowcYjjJ-soN5smWxRR4zW2uhXw4i4oEPLO_hAr-ful4WgfGSM.iypT_ukTbf0I7eU_80mBpv09irMhmb45KDyS8yiOb8M&dib_tag=se&keywords=phone&qid=1731402704&sr=8-51,False,$,1199.0,1199.0,4.4
B0DK79C9L3,Reno 11 Pro Unlocked Phone 8GB+256GB Unlocked Android Phone 6000 mAh Large Battery Unlocked Cell Phone 50MP+13MP Camera Smartphone 5G Dual SIM (Pearl White),/VIVAHHX-Reno-11-Pro-Smartphone/dp/B0DK79C9L3/ref=sr_1_65?dib=eyJ2IjoiMSJ9.Wox8nggwQ35Okuwm7c2fm4oHFLkvwOgUz48bHNW6Ti01mrjGAytdOIj_tLz7ixslXTq5_9nbKCn54xyigXin4AW5RFDfIq-CXE-BVrWFYuqnoOoay8P52jwM0YGxqRHlPOLNxBETUn2Pxc3v2i0p1um1luFi8imXlTs1BnDt6tRHJMcippJ0n4P1wdd1UXqAm6nMhDsZmm8YQ9SbOE5OAs5Agi3UtkNgkV9pvYE7FxY.kMQQLWJs1NlNTBCpUMYvdGeRg8tL5EG3IzpiYIZjBik&dib_tag=se&keywords=phone&qid=1731402704&sr=8-65,False,$,109.99,109.99,2.0
B0BTFHM2GZ,"Panasonic Cordless Phone with Advanced Call Block, Link2Cell Bluetooth, One-Ring Scam Alert, and 2-Way Recording with Answering Machine, 5 Handsets - KX-TGF975B (Black with Silver Trim)",/Panasonic-Link2Cell-Bluetooth-Recording-Answering/dp/B0BTFHM2GZ/ref=sr_1_52?dib=eyJ2IjoiMSJ9.5FvbILRD2jF6kDqmgk3cJH6fD9fzkJQvzKWMrfldmTzaj_naj0fvdY30txHlWxTPL3bWca1gxnPgBqK_0psmxhM1VaWBCL5N6hIr5tAcPfcP6i1wD9_kNrb0yy_ERq7PkjjBiP7o5b8C_oc1uMJuzDACWVHeXEnUUK8xNd0FzmcHoczLn3hV5XnbcGowcYjjJ-soN5smWxRR4zW2uhXw4i4oEPLO_hAr-ful4WgfGSM.iypT_ukTbf0I7eU_80mBpv09irMhmb45KDyS8yiOb8M&dib_tag=se&keywords=phone&qid=1731402704&sr=8-52,False,$,179.99,179.99,4.3
B09SHJGLNN,"SAMSUNG Galaxy S21 FE 5G, US Version, 128GB, Gray - Unlocked (Renewed)",/Samsung-Galaxy-S21-FE-Intelligent/dp/B09SHJGLNN/ref=sr_1_66?dib=eyJ2IjoiMSJ9.Wox8nggwQ35Okuwm7c2fm4oHFLkvwOgUz48bHNW6Ti01mrjGAytdOIj_tLz7ixslXTq5_9nbKCn54xyigXin4AW5RFDfIq-CXE-BVrWFYuqnoOoay8P52jwM0YGxqRHlPOLNxBETUn2Pxc3v2i0p1um1luFi8imXlTs1BnDt6tRHJMcippJ0n4P1wdd1UXqAm6nMhDsZmm8YQ9SbOE5OAs5Agi3UtkNgkV9pvYE7FxY.kMQQLWJs1NlNTBCpUMYvdGeRg8tL5EG3IzpiYIZjBik&dib_tag=se&keywords=phone&qid=1731402704&sr=8-66,False,$,193.04,193.04,3.8
B0CV73SG4Z,"SAMSUNG Galaxy S24 Ultra 5G S9280 Physical Dual SIM 512GB 12GB RAM AI Smartphone, Factory Unlocked, Global Model, Long Battery Life - Titanium Violet",/SAMSUNG-Physical-Smartphone-Factory-Unlocked/dp/B0CV73SG4Z/ref=sr_1_53?dib=eyJ2IjoiMSJ9.5FvbILRD2jF6kDqmgk3cJH6fD9fzkJQvzKWMrfldmTzaj_naj0fvdY30txHlWxTPL3bWca1gxnPgBqK_0psmxhM1VaWBCL5N6hIr5tAcPfcP6i1wD9_kNrb0yy_ERq7PkjjBiP7o5b8C_oc1uMJuzDACWVHeXEnUUK8xNd0FzmcHoczLn3hV5XnbcGowcYjjJ-soN5smWxRR4zW2uhXw4i4oEPLO_hAr-ful4WgfGSM.iypT_ukTbf0I7eU_80mBpv09irMhmb45KDyS8yiOb8M&dib_tag=se&keywords=phone&qid=1731402704&sr=8-53,False,$,1035.0,1035.0,4.1
B0BNMD2NLP,"AT&T GL2101 DECT 6.0 Cordless Home Phone with Call Block, Caller ID, Full-Duplex Handset Speakerphone, 2"" White Backlit Display, Lighted Keypad (Graphite & Black)",/AT-GL2101-Cordless-Full-Duplex-Speakerphone/dp/B0BNMD2NLP/ref=sr_1_67?dib=eyJ2IjoiMSJ9.Wox8nggwQ35Okuwm7c2fm4oHFLkvwOgUz48bHNW6Ti01mrjGAytdOIj_tLz7ixslXTq5_9nbKCn54xyigXin4AW5RFDfIq-CXE-BVrWFYuqnoOoay8P52jwM0YGxqRHlPOLNxBETUn2Pxc3v2i0p1um1luFi8imXlTs1BnDt6tRHJMcippJ0n4P1wdd1UXqAm6nMhDsZmm8YQ9SbOE5OAs5Agi3UtkNgkV9pvYE7FxY.kMQQLWJs1NlNTBCpUMYvdGeRg8tL5EG3IzpiYIZjBik&dib_tag=se&keywords=phone&qid=1731402704&sr=8-67,False,$,24.95,24.95,4.4
B09LNC7VHR,"Apple iPhone 13, US Version, 128GB, Midnight for T-Mobile (Renewed)",/Apple-iPhone-13-128GB-Midnight/dp/B09LNC7VHR/ref=sr_1_54?dib=eyJ2IjoiMSJ9.5FvbILRD2jF6kDqmgk3cJH6fD9fzkJQvzKWMrfldmTzaj_naj0fvdY30txHlWxTPL3bWca1gxnPgBqK_0psmxhM1VaWBCL5N6hIr5tAcPfcP6i1wD9_kNrb0yy_ERq7PkjjBiP7o5b8C_oc1uMJuzDACWVHeXEnUUK8xNd0FzmcHoczLn3hV5XnbcGowcYjjJ-soN5smWxRR4zW2uhXw4i4oEPLO_hAr-ful4WgfGSM.iypT_ukTbf0I7eU_80mBpv09irMhmb45KDyS8yiOb8M&dib_tag=se&keywords=phone&qid=1731402704&sr=8-54,False,$,342.95,342.95,4.1
B08WHKF6RJ,"Samsung Galaxy S21+ 5G, US Version, 128GB, Phantom Black - Unlocked (Renewed)",/Samsung-Galaxy-S21-5G-Version/dp/B08WHKF6RJ/ref=sr_1_68?dib=eyJ2IjoiMSJ9.Wox8nggwQ35Okuwm7c2fm4oHFLkvwOgUz48bHNW6Ti01mrjGAytdOIj_tLz7ixslXTq5_9nbKCn54xyigXin4AW5RFDfIq-CXE-BVrWFYuqnoOoay8P52jwM0YGxqRHlPOLNxBETUn2Pxc3v2i0p1um1luFi8imXlTs1BnDt6tRHJMcippJ0n4P1wdd1UXqAm6nMhDsZmm8YQ9SbOE5OAs5Agi3UtkNgkV9pvYE7FxY.kMQQLWJs1NlNTBCpUMYvdGeRg8tL5EG3IzpiYIZjBik&dib_tag=se&keywords=phone&qid=1731402704&sr=8-68,False,$,219.0,219.0,4.1
B0CQ5JGH2Y,"OnePlus 12,16GB RAM+512GB,Dual-SIM,Unlocked Android Smartphone,Supports 50W Wireless Charging,Latest Mobile Processor,Advanced Hasselblad Camera,5400 mAh Battery,2024,Flowy Emerald",/OnePlus-Dual-SIM-Smartphone-Processor-Hasselblad/dp/B0CQ5JGH2Y/ref=sr_1_55?dib=eyJ2IjoiMSJ9.5FvbILRD2jF6kDqmgk3cJH6fD9fzkJQvzKWMrfldmTzaj_naj0fvdY30txHlWxTPL3bWca1gxnPgBqK_0psmxhM1VaWBCL5N6hIr5tAcPfcP6i1wD9_kNrb0yy_ERq7PkjjBiP7o5b8C_oc1uMJuzDACWVHeXEnUUK8xNd0FzmcHoczLn3hV5XnbcGowcYjjJ-soN5smWxRR4zW2uhXw4i4oEPLO_hAr-ful4WgfGSM.iypT_ukTbf0I7eU_80mBpv09irMhmb45KDyS8yiOb8M&dib_tag=se&keywords=phone&qid=1731402704&sr=8-55,False,$,890.2,890.2,4.5
B0C5BMB1WB,Motorola One Ace | 2021 | 2-Day Battery | Unlocked | Made for US 4/64GB | 48MP Camera | Volcanic Gray,/Motorola-Battery-Unlocked-Camera-Volcanic/dp/B0C5BMB1WB/ref=sr_1_69?dib=eyJ2IjoiMSJ9.Wox8nggwQ35Okuwm7c2fm4oHFLkvwOgUz48bHNW6Ti01mrjGAytdOIj_tLz7ixslXTq5_9nbKCn54xyigXin4AW5RFDfIq-CXE-BVrWFYuqnoOoay8P52jwM0YGxqRHlPOLNxBETUn2Pxc3v2i0p1um1luFi8imXlTs1BnDt6tRHJMcippJ0n4P1wdd1UXqAm6nMhDsZmm8YQ9SbOE5OAs5Agi3UtkNgkV9pvYE7FxY.kMQQLWJs1NlNTBCpUMYvdGeRg8tL5EG3IzpiYIZjBik&dib_tag=se&keywords=phone&qid=1731402704&sr=8-69,False,$,95.0,95.0,3.9
B0CT32HGKH,"Xiaomi Redmi Note 13 PRO+ Plus 5G + 4G LTE (512GB + 12GB) 6.67"" 200MP Triple (Tmobile Mint Tello & Global) Global Bands Unlocked + (Fast Car Dual Bundle) (Aurora Purple)",/Xiaomi-Triple-Tmobile-Unlocked-Charger/dp/B0CT32HGKH/ref=sr_1_56?dib=eyJ2IjoiMSJ9.5FvbILRD2jF6kDqmgk3cJH6fD9fzkJQvzKWMrfldmTzaj_naj0fvdY30txHlWxTPL3bWca1gxnPgBqK_0psmxhM1VaWBCL5N6hIr5tAcPfcP6i1wD9_kNrb0yy_ERq7PkjjBiP7o5b8C_oc1uMJuzDACWVHeXEnUUK8xNd0FzmcHoczLn3hV5XnbcGowcYjjJ-soN5smWxRR4zW2uhXw4i4oEPLO_hAr-ful4WgfGSM.iypT_ukTbf0I7eU_80mBpv09irMhmb45KDyS8yiOb8M&dib_tag=se&keywords=phone&qid=1731402704&sr=8-56,False,$,372.0,372.0,4.1
B0CRVWXJ6H,Samsung Galaxy A25 5G A256E 128GB Dual-SIM GSM Unlocked Android Smartphone (Latin Variant/US Compatible LTE) - Blue Black,/Samsung-SM-A256E-Factory-Unlocked-International/dp/B0CRVWXJ6H/ref=sr_1_70?dib=eyJ2IjoiMSJ9.Wox8nggwQ35Okuwm7c2fm4oHFLkvwOgUz48bHNW6Ti01mrjGAytdOIj_tLz7ixslXTq5_9nbKCn54xyigXin4AW5RFDfIq-CXE-BVrWFYuqnoOoay8P52jwM0YGxqRHlPOLNxBETUn2Pxc3v2i0p1um1luFi8imXlTs1BnDt6tRHJMcippJ0n4P1wdd1UXqAm6nMhDsZmm8YQ9SbOE5OAs5Agi3UtkNgkV9pvYE7FxY.kMQQLWJs1NlNTBCpUMYvdGeRg8tL5EG3IzpiYIZjBik&dib_tag=se&keywords=phone&qid=1731402704&sr=8-70,False,$,199.99,199.99,4.0
B0991J62ZY,"Samsung Galaxy A12 (32GB, 3GB) 6.5"" HD+, Quad Camera, 5000mAh Battery, Global 4G Volte (AT&T Unlocked for T-Mobile, Verizon, Metro) A125U (Black) (Renewed)",/Samsung-Galaxy-A12-Unlocked-T-Mobile/dp/B0991J62ZY/ref=sr_1_57?dib=eyJ2IjoiMSJ9.5FvbILRD2jF6kDqmgk3cJH6fD9fzkJQvzKWMrfldmTzaj_naj0fvdY30txHlWxTPL3bWca1gxnPgBqK_0psmxhM1VaWBCL5N6hIr5tAcPfcP6i1wD9_kNrb0yy_ERq7PkjjBiP7o5b8C_oc1uMJuzDACWVHeXEnUUK8xNd0FzmcHoczLn3hV5XnbcGowcYjjJ-soN5smWxRR4zW2uhXw4i4oEPLO_hAr-ful4WgfGSM.iypT_ukTbf0I7eU_80mBpv09irMhmb45KDyS8yiOb8M&dib_tag=se&keywords=phone&qid=1731402704&sr=8-57,False,$,83.0,87.0,3.8
B01H1E3EAA,"AT&T TRIMLINE 213 Corded Home Phone with Extra Big Buttons & Visual Ringer. No AC Power Required, Improved Easy-Wall-Mount, Lighted Keypad, 10 Speed Dial Keys, Volume Control, Senior Friendly. White",/AT-TRIMLINE-213-Easy-Wall-Mount-Friendly/dp/B01H1E3EAA/ref=sr_1_71?dib=eyJ2IjoiMSJ9.Wox8nggwQ35Okuwm7c2fm4oHFLkvwOgUz48bHNW6Ti01mrjGAytdOIj_tLz7ixslXTq5_9nbKCn54xyigXin4AW5RFDfIq-CXE-BVrWFYuqnoOoay8P52jwM0YGxqRHlPOLNxBETUn2Pxc3v2i0p1um1luFi8imXlTs1BnDt6tRHJMcippJ0n4P1wdd1UXqAm6nMhDsZmm8YQ9SbOE5OAs5Agi3UtkNgkV9pvYE7FxY.kMQQLWJs1NlNTBCpUMYvdGeRg8tL5EG3IzpiYIZjBik&dib_tag=se&keywords=phone&qid=1731402704&sr=8-71,False,$,18.48,19.95,4.4
B088BF7ZDL,"AT&T DL72319 DECT 6.0 3-Handset Cordless Phone for Home with Connect to Cell, Call Blocking, 1.8"" Backlit Screen, Big Buttons, intercom, and Unsurpassed Range",/AT-DL72319-3-Handset-Cordless-Unsurpassed/dp/B088BF7ZDL/ref=sr_1_58?dib=eyJ2IjoiMSJ9.5FvbILRD2jF6kDqmgk3cJH6fD9fzkJQvzKWMrfldmTzaj_naj0fvdY30txHlWxTPL3bWca1gxnPgBqK_0psmxhM1VaWBCL5N6hIr5tAcPfcP6i1wD9_kNrb0yy_ERq7PkjjBiP7o5b8C_oc1uMJuzDACWVHeXEnUUK8xNd0FzmcHoczLn3hV5XnbcGowcYjjJ-soN5smWxRR4zW2uhXw4i4oEPLO_hAr-ful4WgfGSM.iypT_ukTbf0I7eU_80mBpv09irMhmb45KDyS8yiOb8M&dib_tag=se&keywords=phone&qid=1731402704&sr=8-58,False,$,76.95,76.95,4.2
B08H8DH3RM,"SAMSUNG Galaxy A51 128GB (6.5 inch) Display Quad Camera 48MP A515U Black Unlocked (Renewed), A51 128GB A515U",/Samsung-A51-128GB-A515U-Unlocked/dp/B08H8DH3RM/ref=sr_1_72?dib=eyJ2IjoiMSJ9.Wox8nggwQ35Okuwm7c2fm4oHFLkvwOgUz48bHNW6Ti01mrjGAytdOIj_tLz7ixslXTq5_9nbKCn54xyigXin4AW5RFDfIq-CXE-BVrWFYuqnoOoay8P52jwM0YGxqRHlPOLNxBETUn2Pxc3v2i0p1um1luFi8imXlTs1BnDt6tRHJMcippJ0n4P1wdd1UXqAm6nMhDsZmm8YQ9SbOE5OAs5Agi3UtkNgkV9pvYE7FxY.kMQQLWJs1NlNTBCpUMYvdGeRg8tL5EG3IzpiYIZjBik&dib_tag=se&keywords=phone&qid=1731402704&sr=8-72,False,$,110.03,119.44,4.0
B0CQKCQ8PH,"Xiaomi Redmi Note 13 Pro 4G LTE (256GB + 8GB) 6.67"" 200MP Triple (for Tmobile Mint Tello & Global) Global Bands Unlocked (Midnight Black Global ROM)",/Xiaomi-Tmobile-Unlocked-Charger-Midnight/dp/B0CQKCQ8PH/ref=sr_1_73?dib=eyJ2IjoiMSJ9.Wox8nggwQ35Okuwm7c2fm4oHFLkvwOgUz48bHNW6Ti01mrjGAytdOIj_tLz7ixslXTq5_9nbKCn54xyigXin4AW5RFDfIq-CXE-BVrWFYuqnoOoay8P52jwM0YGxqRHlPOLNxBETUn2Pxc3v2i0p1um1luFi8imXlTs1BnDt6tRHJMcippJ0n4P1wdd1UXqAm6nMhDsZmm8YQ9SbOE5OAs5Agi3UtkNgkV9pvYE7FxY.kMQQLWJs1NlNTBCpUMYvdGeRg8tL5EG3IzpiYIZjBik&dib_tag=se&keywords=phone&qid=1731402704&sr=8-73,False,$,212.0,212.0,4.7
B0B8F1S1XG,"AT&T CL82219 DECT 6.0 2-Handset Cordless Phone for Home with Answering Machine, Call Blocking, Caller ID Announcer, Intercom and Long Range, Black",/AT-CL82219-2-Handset-Answering-Announcer/dp/B0B8F1S1XG/ref=sr_1_61?dib=eyJ2IjoiMSJ9.5FvbILRD2jF6kDqmgk3cJH6fD9fzkJQvzKWMrfldmTzaj_naj0fvdY30txHlWxTPL3bWca1gxnPgBqK_0psmxhM1VaWBCL5N6hIr5tAcPfcP6i1wD9_kNrb0yy_ERq7PkjjBiP7o5b8C_oc1uMJuzDACWVHeXEnUUK8xNd0FzmcHoczLn3hV5XnbcGowcYjjJ-soN5smWxRR4zW2uhXw4i4oEPLO_hAr-ful4WgfGSM.iypT_ukTbf0I7eU_80mBpv09irMhmb45KDyS8yiOb8M&dib_tag=se&keywords=phone&qid=1731402704&sr=8-61,False,$,51.24,55.95,4.3
B0BLZN9NDG,"SAMSUNG,Galaxy A04e (SM-A042M/DS) Dual SIM 32GB,6.5'' GSM Unlocked,International Version-Black",/Samsung-SM-A042M-DS-Unlocked-International/dp/B0BLZN9NDG/ref=sr_1_62?dib=eyJ2IjoiMSJ9.5FvbILRD2jF6kDqmgk3cJH6fD9fzkJQvzKWMrfldmTzaj_naj0fvdY30txHlWxTPL3bWca1gxnPgBqK_0psmxhM1VaWBCL5N6hIr5tAcPfcP6i1wD9_kNrb0yy_ERq7PkjjBiP7o5b8C_oc1uMJuzDACWVHeXEnUUK8xNd0FzmcHoczLn3hV5XnbcGowcYjjJ-soN5smWxRR4zW2uhXw4i4oEPLO_hAr-ful4WgfGSM.iypT_ukTbf0I7eU_80mBpv09irMhmb45KDyS8yiOb8M&dib_tag=se&keywords=phone&qid=1731402704&sr=8-62,False,$,87.24,105.0,3.8
B07C4WX72D,"VTech SN5147 Amplified Corded/Cordless Senior Phone with Answering Machine, Call Blocking, 90dB Extra-loud Visual Ringer, One-touch Audio Assist on Handset up to 50dB, White",/VTech-VTSN5147-Amplified-Cordless-Answering/dp/B07C4WX72D/ref=sr_1_75?dib=eyJ2IjoiMSJ9.Wox8nggwQ35Okuwm7c2fm4oHFLkvwOgUz48bHNW6Ti01mrjGAytdOIj_tLz7ixslXTq5_9nbKCn54xyigXin4AW5RFDfIq-CXE-BVrWFYuqnoOoay8P52jwM0YGxqRHlPOLNxBETUn2Pxc3v2i0p1um1luFi8imXlTs1BnDt6tRHJMcippJ0n4P1wdd1UXqAm6nMhDsZmm8YQ9SbOE5OAs5Agi3UtkNgkV9pvYE7FxY.kMQQLWJs1NlNTBCpUMYvdGeRg8tL5EG3IzpiYIZjBik&dib_tag=se&keywords=phone&qid=1731402704&sr=8-75,False,$,84.99,109.95,4.0
B086R819LS,"VTech IS8151-5 Super Long Range 5 Handset DECT 6.0 Cordless Phone for Home with Answering Machine, 2300 ft Range, Call Blocking, Bluetooth, Headset Jack, Power Backup, Intercom, Expandable to 12 HS",/VTech-IS8151-5-Answering-Bluetooth-Expandable/dp/B086R819LS/ref=sr_1_63?dib=eyJ2IjoiMSJ9.5FvbILRD2jF6kDqmgk3cJH6fD9fzkJQvzKWMrfldmTzaj_naj0fvdY30txHlWxTPL3bWca1gxnPgBqK_0psmxhM1VaWBCL5N6hIr5tAcPfcP6i1wD9_kNrb0yy_ERq7PkjjBiP7o5b8C_oc1uMJuzDACWVHeXEnUUK8xNd0FzmcHoczLn3hV5XnbcGowcYjjJ-soN5smWxRR4zW2uhXw4i4oEPLO_hAr-ful4WgfGSM.iypT_ukTbf0I7eU_80mBpv09irMhmb45KDyS8yiOb8M&dib_tag=se&keywords=phone&qid=1731402704&sr=8-63,False,$,109.38,164.95,4.2
B0CQ5C2274,"Samsung Galaxy A15 (SM-A155F/DSN), 128GB 4GB RAM, Dual SIM, Factory Unlocked GSM, International Version (Wall Charger Bundle) (Blue Black)",/Samsung-SM-A155F-Factory-Unlocked-International/dp/B0CQ5C2274/ref=sr_1_76?dib=eyJ2IjoiMSJ9.Wox8nggwQ35Okuwm7c2fm4oHFLkvwOgUz48bHNW6Ti01mrjGAytdOIj_tLz7ixslXTq5_9nbKCn54xyigXin4AW5RFDfIq-CXE-BVrWFYuqnoOoay8P52jwM0YGxqRHlPOLNxBETUn2Pxc3v2i0p1um1luFi8imXlTs1BnDt6tRHJMcippJ0n4P1wdd1UXqAm6nMhDsZmm8YQ9SbOE5OAs5Agi3UtkNgkV9pvYE7FxY.kMQQLWJs1NlNTBCpUMYvdGeRg8tL5EG3IzpiYIZjBik&dib_tag=se&keywords=phone&qid=1731402704&sr=8-76,False,$,152.49,152.49,4.1
B09NP6697R,"Google Pixel 6 5G, US Version, 128GB, Stormy Black - Unlocked (Renewed)",/Google-Pixel-Unlocked-Smartphone-Ultrawide/dp/B09NP6697R/ref=sr_1_64?dib=eyJ2IjoiMSJ9.5FvbILRD2jF6kDqmgk3cJH6fD9fzkJQvzKWMrfldmTzaj_naj0fvdY30txHlWxTPL3bWca1gxnPgBqK_0psmxhM1VaWBCL5N6hIr5tAcPfcP6i1wD9_kNrb0yy_ERq7PkjjBiP7o5b8C_oc1uMJuzDACWVHeXEnUUK8xNd0FzmcHoczLn3hV5XnbcGowcYjjJ-soN5smWxRR4zW2uhXw4i4oEPLO_hAr-ful4WgfGSM.iypT_ukTbf0I7eU_80mBpv09irMhmb45KDyS8yiOb8M&dib_tag=se&keywords=phone&qid=1731402704&sr=8-64,False,$,189.52,337.99,4.1
B09BTB5MKT,Motorola Moto G Pure | 2021 | 2-Day battery | Unlocked | Made for US by Motorola | 3/32GB | 13MP Camera | Deep Indigo,/battery-Unlocked-Motorola-Camera-Indigo/dp/B09BTB5MKT/ref=sr_1_77?dib=eyJ2IjoiMSJ9.Wox8nggwQ35Okuwm7c2fm4oHFLkvwOgUz48bHNW6Ti01mrjGAytdOIj_tLz7ixslXTq5_9nbKCn54xyigXin4AW5RFDfIq-CXE-BVrWFYuqnoOoay8P52jwM0YGxqRHlPOLNxBETUn2Pxc3v2i0p1um1luFi8imXlTs1BnDt6tRHJMcippJ0n4P1wdd1UXqAm6nMhDsZmm8YQ9SbOE5OAs5Agi3UtkNgkV9pvYE7FxY.kMQQLWJs1NlNTBCpUMYvdGeRg8tL5EG3IzpiYIZjBik&dib_tag=se&keywords=phone&qid=1731402704&sr=8-77,False,$,93.72,99.99,4.1
B00N22M0XS,"AT&T EL51203 2 Handset DECT 6.0 Cordless Home Phone Full-Duplex Handset Speakerphone, Backlit Display, Lighted Keypad, Caller ID/Call Waiting, Phonebook, Eco Mode, Voicemail Key, Quiet Mode,Intercom",/AT-Full-Duplex-Speakerphone-Phonebook-Voicemail/dp/B00N22M0XS/ref=sr_1_65?dib=eyJ2IjoiMSJ9.5FvbILRD2jF6kDqmgk3cJH6fD9fzkJQvzKWMrfldmTzaj_naj0fvdY30txHlWxTPL3bWca1gxnPgBqK_0psmxhM1VaWBCL5N6hIr5tAcPfcP6i1wD9_kNrb0yy_ERq7PkjjBiP7o5b8C_oc1uMJuzDACWVHeXEnUUK8xNd0FzmcHoczLn3hV5XnbcGowcYjjJ-soN5smWxRR4zW2uhXw4i4oEPLO_hAr-ful4WgfGSM.iypT_ukTbf0I7eU_80mBpv09irMhmb45KDyS8yiOb8M&dib_tag=se&keywords=phone&qid=1731402704&sr=8-65,False,$,36.62,43.95,4.3
B0DG6V6V39,HMD Barbie | Flip | Unlocked | KaiOS | Compatible with All Carriers | Power Pink | US Version,/HMD-Unlocked-Compatible-Carriers-Version/dp/B0DG6V6V39/ref=sr_1_78?dib=eyJ2IjoiMSJ9.Wox8nggwQ35Okuwm7c2fm4oHFLkvwOgUz48bHNW6Ti01mrjGAytdOIj_tLz7ixslXTq5_9nbKCn54xyigXin4AW5RFDfIq-CXE-BVrWFYuqnoOoay8P52jwM0YGxqRHlPOLNxBETUn2Pxc3v2i0p1um1luFi8imXlTs1BnDt6tRHJMcippJ0n4P1wdd1UXqAm6nMhDsZmm8YQ9SbOE5OAs5Agi3UtkNgkV9pvYE7FxY.kMQQLWJs1NlNTBCpUMYvdGeRg8tL5EG3IzpiYIZjBik&dib_tag=se&keywords=phone&qid=1731402704&sr=8-78,False,$,129.99,129.99,4.4
B07JMHLP7B,Panasonic DECT 6.0 Expandable Cordless Phone System with Answering Machine and Call Blocking - 3 Handsets - KX-TGE633M (Metallic Black),/Panasonic-KX-TGE633M-Expandable-Cordless-Answering/dp/B07JMHLP7B/ref=sr_1_66?dib=eyJ2IjoiMSJ9.5FvbILRD2jF6kDqmgk3cJH6fD9fzkJQvzKWMrfldmTzaj_naj0fvdY30txHlWxTPL3bWca1gxnPgBqK_0psmxhM1VaWBCL5N6hIr5tAcPfcP6i1wD9_kNrb0yy_ERq7PkjjBiP7o5b8C_oc1uMJuzDACWVHeXEnUUK8xNd0FzmcHoczLn3hV5XnbcGowcYjjJ-soN5smWxRR4zW2uhXw4i4oEPLO_hAr-ful4WgfGSM.iypT_ukTbf0I7eU_80mBpv09irMhmb45KDyS8yiOb8M&dib_tag=se&keywords=phone&qid=1731402704&sr=8-66,False,$,79.99,99.99,4.2
B09P147NYF,"VTech VG208 DECT 6.0 Corded/Cordless Phone for Home with Answering Machine, Call Blocking, Caller ID, Large Backlit Display, Duplex Speakerphone, Intercom, Line-Power(Silver/Black)",/VG208-Expandable-Answering-Speakerphone-Line-Power/dp/B09P147NYF/ref=sr_1_79?dib=eyJ2IjoiMSJ9.Wox8nggwQ35Okuwm7c2fm4oHFLkvwOgUz48bHNW6Ti01mrjGAytdOIj_tLz7ixslXTq5_9nbKCn54xyigXin4AW5RFDfIq-CXE-BVrWFYuqnoOoay8P52jwM0YGxqRHlPOLNxBETUn2Pxc3v2i0p1um1luFi8imXlTs1BnDt6tRHJMcippJ0n4P1wdd1UXqAm6nMhDsZmm8YQ9SbOE5OAs5Agi3UtkNgkV9pvYE7FxY.kMQQLWJs1NlNTBCpUMYvdGeRg8tL5EG3IzpiYIZjBik&dib_tag=se&keywords=phone&qid=1731402704&sr=8-79,False,$,49.49,49.49,4.2
B0C1Q3MVBP,"Samsung Galaxy A14 5G A Series, Factory Unlocked, 64GB, US Version, Black (Renewed)",/SAMSUNG-Factory-Unlocked-Android-Smartphone/dp/B0C1Q3MVBP/ref=sr_1_67?dib=eyJ2IjoiMSJ9.5FvbILRD2jF6kDqmgk3cJH6fD9fzkJQvzKWMrfldmTzaj_naj0fvdY30txHlWxTPL3bWca1gxnPgBqK_0psmxhM1VaWBCL5N6hIr5tAcPfcP6i1wD9_kNrb0yy_ERq7PkjjBiP7o5b8C_oc1uMJuzDACWVHeXEnUUK8xNd0FzmcHoczLn3hV5XnbcGowcYjjJ-soN5smWxRR4zW2uhXw4i4oEPLO_hAr-ful4WgfGSM.iypT_ukTbf0I7eU_80mBpv09irMhmb45KDyS8yiOb8M&dib_tag=se&keywords=phone&qid=1731402704&sr=8-67,False,$,104.0,168.0,3.7
B0DGPL4771,"NUU N10 Basic Cell Phone for T-Mobile, Mint, Metro, Qlink, Tello and More 4GB/128GB, Perfect for Teenagers, Dual SIM 4G, Octa-Core 6.6"" 90Hz HD+, Unlocked Phones Android Phone 14, Black, US Warranty",/NUU-T-Mobile-Teenagers-Octa-Core-Unlocked/dp/B0DGPL4771/ref=sr_1_80?dib=eyJ2IjoiMSJ9.Wox8nggwQ35Okuwm7c2fm4oHFLkvwOgUz48bHNW6Ti01mrjGAytdOIj_tLz7ixslXTq5_9nbKCn54xyigXin4AW5RFDfIq-CXE-BVrWFYuqnoOoay8P52jwM0YGxqRHlPOLNxBETUn2Pxc3v2i0p1um1luFi8imXlTs1BnDt6tRHJMcippJ0n4P1wdd1UXqAm6nMhDsZmm8YQ9SbOE5OAs5Agi3UtkNgkV9pvYE7FxY.kMQQLWJs1NlNTBCpUMYvdGeRg8tL5EG3IzpiYIZjBik&dib_tag=se&keywords=phone&qid=1731402704&sr=8-80,False,$,99.99,99.99,4.5
